{
    "train_domain_weights": {
        "Pile-CC": 0.1631455134983788,
        "PubMed Central": 0.12458407393796671,
        "Books3": 0.11681428760709081,
        "OpenWebText2": 0.08823007367297399,
        "ArXiv": 0.1020721930146921,
        "Github": 0.09468989602785924,
        "FreeLaw": 0.05444850266617668,
        "StackExchange": 0.05754841741852099,
        "USPTO Backgrounds": 0.029736682241238366,
        "PubMed Abstracts": 0.02503681148768409,
        "Gutenberg (PG-19)": 0.020089447540192644,
        "OpenSubtitles": 0.016937034231558633,
        "Wikipedia (en)": 0.03472404508876006,
        "DM Mathematics": 0.02194689646034734,
        "Ubuntu IRC": 0.012152165815440076,
        "BookCorpus2": 0.006897310323966091,
        "EuroParl": 0.00894475401926447,
        "HackerNews": 0.005674843941791601,
        "YoutubeSubtitles": 0.009067250650607109,
        "PhilPapers": 0.004034889040551385,
        "NIH ExPorter": 0.0014649597136078758,
        "Enron Emails": 0.0017599516013309634
    },
    "eval_domain_weights": {
        "Pile-CC": 0.1631455134983788,
        "PubMed Central": 0.12458407393796671,
        "Books3": 0.11681428760709081,
        "OpenWebText2": 0.08823007367297399,
        "ArXiv": 0.1020721930146921,
        "Github": 0.09468989602785924,
        "FreeLaw": 0.05444850266617668,
        "StackExchange": 0.05754841741852099,
        "USPTO Backgrounds": 0.029736682241238366,
        "PubMed Abstracts": 0.02503681148768409,
        "Gutenberg (PG-19)": 0.020089447540192644,
        "OpenSubtitles": 0.016937034231558633,
        "Wikipedia (en)": 0.03472404508876006,
        "DM Mathematics": 0.02194689646034734,
        "Ubuntu IRC": 0.012152165815440076,
        "BookCorpus2": 0.006897310323966091,
        "EuroParl": 0.00894475401926447,
        "HackerNews": 0.005674843941791601,
        "YoutubeSubtitles": 0.009067250650607109,
        "PhilPapers": 0.004034889040551385,
        "NIH ExPorter": 0.0014649597136078758,
        "Enron Emails": 0.0017599516013309634
    }
}