{
    "train_domain_weights":{
        "Pile-CC": 0.18392100930213928,
        "PubMed Central": 0.07271160930395126,
        "Books3": 0.1319507211446762,
        "OpenWebText2": 0.14691855013370514,
        "ArXiv": 0.06402046978473663,
        "Github": 0.07412919402122498,
        "FreeLaw": 0.05718257650732994,
        "StackExchange": 0.050424132496118546,
        "USPTO Backgrounds": 0.024219874292612076,
        "PubMed Abstracts": 0.04614155367016792,
        "Gutenberg (PG-19)": 0.026389751583337784,
        "OpenSubtitles": 0.00221453164704144,
        "Wikipedia (en)": 0.04975440725684166,
        "DM Mathematics": 0.0014085180591791868,
        "Ubuntu IRC": 0.008492051623761654,
        "BookCorpus2": 0.0003476883575785905,
        "EuroParl": 0.02205415815114975,
        "HackerNews": 0.005706883035600185,
        "YoutubeSubtitles": 0.016420960426330566,
        "PhilPapers": 0.008830593898892403,
        "NIH ExPorter": 0.004332205280661583,
        "Enron Emails": 0.0024285439867526293
    },
    "eval_domain_weights": {
        "Pile-CC": 0.18392100930213928,
        "PubMed Central": 0.07271160930395126,
        "Books3": 0.1319507211446762,
        "OpenWebText2": 0.14691855013370514,
        "ArXiv": 0.06402046978473663,
        "Github": 0.07412919402122498,
        "FreeLaw": 0.05718257650732994,
        "StackExchange": 0.050424132496118546,
        "USPTO Backgrounds": 0.024219874292612076,
        "PubMed Abstracts": 0.04614155367016792,
        "Gutenberg (PG-19)": 0.026389751583337784,
        "OpenSubtitles": 0.00221453164704144,
        "Wikipedia (en)": 0.04975440725684166,
        "DM Mathematics": 0.0014085180591791868,
        "Ubuntu IRC": 0.008492051623761654,
        "BookCorpus2": 0.0003476883575785905,
        "EuroParl": 0.02205415815114975,
        "HackerNews": 0.005706883035600185,
        "YoutubeSubtitles": 0.016420960426330566,
        "PhilPapers": 0.008830593898892403,
        "NIH ExPorter": 0.004332205280661583,
        "Enron Emails": 0.0024285439867526293
    }
  }