
{
  "train_domain_weights": {
    "Pile-CC": 0.11182794719934464,
    "PubMed Central": 0.08815758675336838,
    "Books3": 0.1188405305147171,
    "OpenWebText2": 0.16607268154621124,
    "ArXiv": 0.08491163700819016,
    "Github": 0.03816058859229088,
    "FreeLaw": 0.053782861679792404,
    "StackExchange": 0.06007194519042969,
    "USPTO Backgrounds": 0.02761971205472946,
    "PubMed Abstracts": 0.04912387579679489,
    "Gutenberg (PG-19)": 0.03841067850589752,
    "OpenSubtitles": 0.002214383566752076,
    "Wikipedia (en)": 0.08484449982643127,
    "DM Mathematics": 0.0012090670643374324,
    "Ubuntu IRC": 0.01229867059737444,
    "BookCorpus2": 0.0012715907068923116,
    "EuroParl": 0.019230373203754425,
    "HackerNews": 0.006471395958214998,
    "YoutubeSubtitles": 0.01792767271399498,
    "PhilPapers": 0.01010239776223898,
    "NIH ExPorter": 0.0049134609289467335,
    "Enron Emails": 0.002536411164328456
  },
  "eval_domain_weights": {
    "Pile-CC": 0.11182794719934464,
    "PubMed Central": 0.08815758675336838,
    "Books3": 0.1188405305147171,
    "OpenWebText2": 0.16607268154621124,
    "ArXiv": 0.08491163700819016,
    "Github": 0.03816058859229088,
    "FreeLaw": 0.053782861679792404,
    "StackExchange": 0.06007194519042969,
    "USPTO Backgrounds": 0.02761971205472946,
    "PubMed Abstracts": 0.04912387579679489,
    "Gutenberg (PG-19)": 0.03841067850589752,
    "OpenSubtitles": 0.002214383566752076,
    "Wikipedia (en)": 0.08484449982643127,
    "DM Mathematics": 0.0012090670643374324,
    "Ubuntu IRC": 0.01229867059737444,
    "BookCorpus2": 0.0012715907068923116,
    "EuroParl": 0.019230373203754425,
    "HackerNews": 0.006471395958214998,
    "YoutubeSubtitles": 0.01792767271399498,
    "PhilPapers": 0.01010239776223898,
    "NIH ExPorter": 0.0049134609289467335,
    "Enron Emails": 0.002536411164328456
  }
}