{
    "train_domain_weights": {
        "Pile-CC": 0.09453842840643951,
        "PubMed Central": 0.14917909233033527,
        "Books3": 0.10094214543052439,
        "OpenWebText2": 0.10655481967324043,
        "ArXiv": 0.12080817542576074,
        "Github": 0.057931398201810855,
        "FreeLaw": 0.04899461799656484,
        "StackExchange": 0.06609301371629318,
        "USPTO Backgrounds": 0.033852550742558066,
        "PubMed Abstracts": 0.028786516694716036,
        "Gutenberg (PG-19)": 0.030963661397225353,
        "OpenSubtitles": 0.014752223203858505,
        "Wikipedia (en)": 0.06490474172635509,
        "DM Mathematics": 0.02527727404201975,
        "Ubuntu IRC": 0.014990856135336905,
        "BookCorpus2": 0.006260514186577765,
        "EuroParl": 0.0101892107589665,
        "HackerNews": 0.007291182280087811,
        "YoutubeSubtitles": 0.00928314413519068,
        "PhilPapers": 0.004190338888072547,
        "NIH ExPorter": 0.002578251119249607,
        "Enron Emails": 0.0016378435088161597
    },
    "eval_domain_weights": {
        "Pile-CC": 0.09453842840643951,
        "PubMed Central": 0.14917909233033527,
        "Books3": 0.10094214543052439,
        "OpenWebText2": 0.10655481967324043,
        "ArXiv": 0.12080817542576074,
        "Github": 0.057931398201810855,
        "FreeLaw": 0.04899461799656484,
        "StackExchange": 0.06609301371629318,
        "USPTO Backgrounds": 0.033852550742558066,
        "PubMed Abstracts": 0.028786516694716036,
        "Gutenberg (PG-19)": 0.030963661397225353,
        "OpenSubtitles": 0.014752223203858505,
        "Wikipedia (en)": 0.06490474172635509,
        "DM Mathematics": 0.02527727404201975,
        "Ubuntu IRC": 0.014990856135336905,
        "BookCorpus2": 0.006260514186577765,
        "EuroParl": 0.0101892107589665,
        "HackerNews": 0.007291182280087811,
        "YoutubeSubtitles": 0.00928314413519068,
        "PhilPapers": 0.004190338888072547,
        "NIH ExPorter": 0.002578251119249607,
        "Enron Emails": 0.0016378435088161597
    }
}