{
    "train_domain_weights": {"Pile-CC": 0.16033764323535438, "PubMed Central": 0.12679232727387502, "Books3": 0.11423307622919882, "OpenWebText2": 0.09005721466468448, "ArXiv": 0.1021089536218925, "Github": 0.0981499534730727, "FreeLaw": 0.05542629815635358, "StackExchange": 0.05583781478182942, "USPTO Backgrounds": 0.02866197012430996, "PubMed Abstracts": 0.024361277203368642, "Gutenberg (PG-19)": 0.0207452466409499, "OpenSubtitles": 0.016519108571200595, "Wikipedia (en)": 0.03659153576868448, "DM Mathematics": 0.02141010912586229, "Ubuntu IRC": 0.01165247234699381, "BookCorpus2": 0.00691818686672903, "EuroParl": 0.00870412929818324, "HackerNews": 0.006170615190153391, "YoutubeSubtitles": 0.008045373316346893, "PhilPapers": 0.003671285162979514, "NIH ExPorter": 0.0021772150740052352, "Enron Emails": 0.0014281938739721515},
    "eval_domain_weights": {"Pile-CC": 0.16033764323535438, "PubMed Central": 0.12679232727387502, "Books3": 0.11423307622919882, "OpenWebText2": 0.09005721466468448, "ArXiv": 0.1021089536218925, "Github": 0.0981499534730727, "FreeLaw": 0.05542629815635358, "StackExchange": 0.05583781478182942, "USPTO Backgrounds": 0.02866197012430996, "PubMed Abstracts": 0.024361277203368642, "Gutenberg (PG-19)": 0.0207452466409499, "OpenSubtitles": 0.016519108571200595, "Wikipedia (en)": 0.03659153576868448, "DM Mathematics": 0.02141010912586229, "Ubuntu IRC": 0.01165247234699381, "BookCorpus2": 0.00691818686672903, "EuroParl": 0.00870412929818324, "HackerNews": 0.006170615190153391, "YoutubeSubtitles": 0.008045373316346893, "PhilPapers": 0.003671285162979514, "NIH ExPorter": 0.0021772150740052352, "Enron Emails": 0.0014281938739721515}
  }